<?xml version="1.0" encoding="UTF-8"?>
<addon id="repository.jizzplanet" name="Jizzplanet Repo" provider-name="Jizzplanet.com" version="3.0.0">
	<extension point="xbmc.addon.repository" name="Jizzplanet.com" >
			<dir minversion="18.9.9">
			<info compressed="false">https://jizzplanet.com/JP-Repo/_zip/addons.xml</info>
			<checksum>https://raw.githubusercontent.com/jizzplanet/Jizzplanet19/main/addons.xml.md5</checksum>
			<datadir zip="true">https://jizzplanet.com/JP-Repo/_zip/</datadir>
			</dir>
			<dir>
			<info compressed="false">https://raw.githubusercontent.com/Gujal00/smrzips/master/addons.xml</info>
			<checksum>https://raw.githubusercontent.com/Gujal00/smrzips/master/addons.xml.md5</checksum>
			<datadir zip="true">https://raw.githubusercontent.com/Gujal00/smrzips/master/zips/</datadir>
			</dir>
	</extension>
	<extension point="xbmc.addon.metadata">
		<summary lang="en">Jizz Planet</summary>
		<description lang="en">Unofficial A-Z Adult Addon by Jizzplanet.com.</description>
		<platform>all</platform>
		<license>GNU GENERAL PUBLIC LICENSE. Version 3, 29 June 2007</license>
		<disclaimer lang="en">The author of this addon do not host any of the content which is found and have no affiliation with any of the content providers. This addon simply searches websites for content. Use at your own risk!</disclaimer>
		<assets>
			<icon>icon.png</icon>
			<fanart>fanart.jpg</fanart>
		</assets>
	</extension>
</addon>